1,https://www.tiktok.com/@lovely.animals1990/video/7234565900848876805?is_from_webapp=1&sender_device=pc
2,https://www.tiktok.com/@hun.asmr77/video/7265724526997048608?is_from_webapp=1&sender_device=pc
3,https://www.tiktok.com/@lovely.animals1990/video/7305932336619703554?is_from_webapp=1&sender_device=pc&web_id=7286751695433844225
4,https://www.tiktok.com/@cutedog9999/video/7294558019759672619?is_from_webapp=1&sender_device=pc
5,https://www.youtube.com/shorts/Pcg7FaQ-ymg
6,https://www.tiktok.com/@lovely.animals1990/video/7328994265437162753?is_from_webapp=1&sender_device=pc
7,https://www.tiktok.com/@penelope_the_mini_pig_/video/7311471285631028523?is_from_webapp=1&sender_device=pc
8,https://www.tiktok.com/@goldensun_pet/video/7329860493374655790?is_from_webapp=1&sender_device=pc
10,https://www.tiktok.com/@ke_ke_i/video/7243747096426319105?is_from_webapp=1&sender_device=pc
11,https://www.tiktok.com/@lovely.animals1990/video/7214158365960719643?is_from_webapp=1&sender_device=pc
12,https://www.youtube.com/shorts/YdK_U6m93Zo
13,https://www.youtube.com/shorts/8wE8XS32Lto
14,https://www.tiktok.com/@motherthemountain/video/7218142842215042322?is_from_webapp=1&sender_device=pc
15,https://www.tiktok.com/@lovely.animals1990/video/7286814653265628417?is_from_webapp=1&sender_device=pc
16,https://www.tiktok.com/@dongquecua/video/7322469784895917345?is_from_webapp=1&sender_device=pc
17,https://www.youtube.com/shorts/dFg8Nu2X5Mo
18,https://www.youtube.com/shorts/mN9sWUJcgdM
19,https://www.tiktok.com/@lovely.animals1990/video/7315019170897349890?is_from_webapp=1&sender_device=pc
20,https://www.tiktok.com/@fathomlesslife/video/7296104742797790471?is_from_webapp=1&sender_device=pc
21,https://www.tiktok.com/@lovegautruc74/video/7234704542309321990?is_from_webapp=1&sender_device=pc
22,https://www.tiktok.com/@lovely.animals1990/video/7313179267733425409?is_from_webapp=1&sender_device=pc
23,https://www.tiktok.com/@tiktognc8d2/video/7319726679667002657?is_from_webapp=1&sender_device=pc
24,https://www.tiktok.com/@lovely.animals1990/video/7333611497278475521?is_from_webapp=1&sender_device=pc
25,https://www.tiktok.com/@goldensun_pet/video/7325406401184927018?is_from_webapp=1&sender_device=pc
26,https://www.tiktok.com/@lovely.animals1990/video/7332843029981596929?is_from_webapp=1&sender_device=pc
27,https://www.tiktok.com/@penelope_the_mini_pig_/video/7311471285631028523?is_from_webapp=1&sender_device=pc
28,https://www.tiktok.com/@sedanvd2023/video/7200551553244122411?is_from_webapp=1&sender_device=pc
29,https://www.tiktok.com/@conmeochabong/video/7336576606426696961?is_from_webapp=1&sender_device=pc
30,https://www.youtube.com/shorts/EOV3UXvevZY
31,https://www.tiktok.com/@lovely.animals1990/video/7331384577115573506?is_from_webapp=1&sender_device=pc
32,https://www.tiktok.com/@your_cutepet/video/7245827628286954754?is_from_webapp=1&sender_device=pc
33,https://www.tiktok.com/@nicoleshariemurillo/video/7035291523805826351?is_from_webapp=1&sender_device=pc
34,https://www.tiktok.com/@pet_so_cute/video/7210885214598466859?is_from_webapp=1&sender_device=pc
36,https://www.tiktok.com/@iampiathepig/video/7330545196398152961?is_from_webapp=1&sender_device=pc
