10+11,,,
1,https://www.tiktok.com/@lovepets.tv/video/7314355309865127201?is_from_webapp=1&sender_device=pc,,
2,https://www.tiktok.com/@tianyuanmengchong/video/7323551146612821294?is_from_webapp=1&sender_device=pc,,
3,https://www.tiktok.com/@lovepets.tv/video/7314656717051022625?is_from_webapp=1&sender_device=pc,,
4,https://www.tiktok.com/@tianyuanmengchong/video/7322781966158368046?is_from_webapp=1&sender_device=pc,,
5,https://www.tiktok.com/@lovepets.tv/video/7314903071627267361?is_from_webapp=1&sender_device=pc,,
6,https://www.tiktok.com/@lovepets.tv/video/7314503053036490017?is_from_webapp=1&sender_device=pc,,
7,https://www.tiktok.com/@lovepets.tv/video/7314900358260673824?is_from_webapp=1&sender_device=pc,,
8,https://www.tiktok.com/@lovepets.tv/video/7314900358260673824?is_from_webapp=1&sender_device=pc,,
9,https://www.tiktok.com/@lovepets.tv/video/7314362319499201824?is_from_webapp=1&sender_device=pc,,
10,https://www.tiktok.com/@lovepets.tv/video/7314912666529598753?is_from_webapp=1&sender_device=pc,,
11,https://www.tiktok.com/@lovepets.tv/video/7314506917236198689?is_from_webapp=1&sender_device=pc,,
12,https://www.tiktok.com/@tianyuanmengchong/video/7321674686503357738?is_from_webapp=1&sender_device=pc,,
13,https://www.tiktok.com/@lovepets.tv/video/7314360612807642401?is_from_webapp=1&sender_device=pc,,
14,https://www.tiktok.com/@lovepets.tv/video/7314975208438271265?is_from_webapp=1&sender_device=pc,,
15,https://www.tiktok.com/@lovepets.tv/video/7314357790837919008?is_from_webapp=1&sender_device=pc,,
16,https://www.tiktok.com/@lovepets.tv/video/7314905290955115809?is_from_webapp=1&sender_device=pc,,
17,https://www.tiktok.com/@tianyuanmengchong/video/7327653794626522410?is_from_webapp=1&sender_device=pc,,
18,https://www.tiktok.com/@lovepets.tv/video/7312622158939835681?is_from_webapp=1&sender_device=pc,,
19,https://www.tiktok.com/@tianyuanmengchong/video/7325397838249168171?is_from_webapp=1&sender_device=pc,,
20,https://www.tiktok.com/@rubiishop/video/7313464647149997314?is_from_webapp=1&sender_device=pc,,
21,https://www.tiktok.com/@tianyuanmengchong/video/7328227420127956267?is_from_webapp=1&sender_device=pc,,
22,https://www.tiktok.com/@rubiishop/video/7311970244627582210?is_from_webapp=1&sender_device=pc,,
23,https://www.tiktok.com/@tianyuanmengchong/video/7327872101740825898?is_from_webapp=1&sender_device=pc,,
24,https://www.tiktok.com/@tianyuanmengchong/video/7318712247490989354?is_from_webapp=1&sender_device=pc,,
25,https://www.tiktok.com/@tianyuanmengchong/video/7327143186319592746?is_from_webapp=1&sender_device=pc,,
26,https://www.tiktok.com/@lovepets.tv/video/7312646786403814689?is_from_webapp=1&sender_device=pc,,
27,https://www.tiktok.com/@tianyuanmengchong/video/7325769098070150446?is_from_webapp=1&sender_device=pc,,
28,https://www.tiktok.com/@cutedog9999/video/7296666522531925290?is_from_webapp=1&sender_device=pc,,
29,https://www.tiktok.com/@rubiishop/video/7310025636490333442?is_from_webapp=1&sender_device=pc,,
30,https://www.tiktok.com/@lovepets.tv/video/7313166721479740704?is_from_webapp=1&sender_device=pc,,
31,https://www.tiktok.com/@lovepets.tv/video/7312677170852154657?is_from_webapp=1&sender_device=pc,,
32,https://www.tiktok.com/@lovepets.tv/video/7312663610189221152?is_from_webapp=1&sender_device=pc,,
33,https://www.tiktok.com/@pets_globalfun/video/7197265673851292974?is_from_webapp=1&sender_device=pc,,
34,https://www.tiktok.com/@rubiishop/video/7310185150334192897?is_from_webapp=1&sender_device=pc,,
35,https://www.tiktok.com/@willowhillfarm1/video/6956757625035836677?is_from_webapp=1&sender_device=pc,,
