STT,LINK,,TEXT(viết promp vào cái này nhé),CHAT GPT
1,https://www.tiktok.com/@lovepets.tv/video/7316185778638392608?is_from_webapp=1&sender_device=pc,,"viết khác: ""Hello everyone, Join us as we embark on a delightful journey into the enchanting world of adorable pets, where each furry companion brings boundless happiness and affection.","Greetings to all! Come and join us on a captivating expedition through the captivating realm of charming pets, where every fluffy friend brings immeasurable joy and love."
2,https://www.tiktok.com/@tianyuanmengchong/video/7319876665956420906?is_from_webapp=1&sender_device=pc,,viết 1 câu content 15 từ bằng tiếng anh  về cảnh những chú thỏ thích ăn rau củ,The adorable bunnies love munching on fresh vegetables and leafy greens in their peaceful garden.
3,https://www.tiktok.com/@rubiishop/video/7310820281185012993?is_from_webapp=1&sender_device=pc,,viết 1 câu content 15 từ bằng tiếng anh  về cảnh chú chuột hamster ăn rau,"The adorable hamster happily munches on its fresh and nutritious vegetables, savoring every bite."
4,https://www.tiktok.com/@lovepets.tv/video/7315024227071970592?is_from_webapp=1&sender_device=pc,,viết 1 câu content 15 từ bằng tiếng anh  về cảnh những chú chó con thân thiết,"A heartwarming scene of adorable puppies playing together, forming an inseparable bond with each other."
5,https://www.tiktok.com/@hamstergnaw/video/7294116993530170656?is_from_webapp=1&sender_device=pc,,viết 1 câu content 15 từ bằng tiếng anh  về cảnh chú chuột hamster ăn bữa sáng ngon lành,"The adorable hamster happily munches on its delicious and nutritious breakfast, enjoying every bite."
6,https://www.tiktok.com/@tianyuanmengchong/video/7329103069650636078?is_from_webapp=1&sender_device=pc,,viết 1 câu content 15 từ bằng tiếng anh  về cảnh chú thỏ ăn trái cây có niềm đam mê bất tận với trái cây,The bunny's endless passion for fruits is evident as it indulges in the deliciousness of the colorful array.
7,https://www.tiktok.com/@bunquystoc/video/7293088196089449729?is_from_webapp=1&sender_device=pc,,viết 1 câu content 15 từ bằng tiếng anh  về cảnh chó con xem ti vi,"The adorable puppy sat in front of the television, captivated by the colorful images on the screen."
8,https://www.tiktok.com/@tianyuanmengchong/video/7334173708073848107?is_from_webapp=1&sender_device=pc,,viết 1 câu content 15 từ bằng tiếng anh  về cảnh chú thỏ ăn trái cây,The little rabbit is happily munching on the delicious fruits in the garden.
9,https://www.tiktok.com/@tianyuanmengchong/video/7330484918176320810?is_from_webapp=1&sender_device=pc,,viết 1 câu content 15 từ bằng tiếng anh  về cảnh chú thỏ ăn ngon lành,The scene of the bunny enjoying a delicious meal is truly delightful to watch.
10,https://www.tiktok.com/@rubiishop/video/7308586019568274689?is_from_webapp=1&sender_device=pc,,dịch sang tiếng anh: cùng xem những bộ đồ mà chú chuột này có nhé,Let's take a look at the outfits that this little mouse has.
11,https://www.tiktok.com/@lovepets.tv/video/7316438329178803488?is_from_webapp=1&sender_device=pc,,viết 1 câu content 15 từ bằng tiếng anh  về cảnh chú chó rất thích thể hiện tài năng của mình cho mọi người thấy,The dog loves to showcase its talents to impress everyone with its amazing skills.
12,https://www.tiktok.com/@rubiishop/video/7310465800282885378?is_from_webapp=1&sender_device=pc,,viết 1 câu content 15 từ bằng tiếng anh  về cảnh chú chuột hamster ăn trái cây,"The adorable hamster eagerly nibbled on the juicy slices of fruit, savoring every sweet and refreshing bite."
13,https://www.tiktok.com/@rubiishop/video/7306399728969714945?is_from_webapp=1&sender_device=pc,,chú ấy ăn  bữa tối thật ngon lành,"As an AI language model, I do not have personal experiences or emotions, but I can provide a translation for you:

""He enjoyed a delicious dinner."""
14,https://www.tiktok.com/@tianyuanmengchong/video/7319446033400974638?is_from_webapp=1&sender_device=pc,,so yoummy,"I'm sorry, but I'm not sure what you mean by ""so yoummy."" Could you please provide more context or clarify your question?"
15,https://www.tiktok.com/@tianyuanmengchong/video/7329785272072310062?is_from_webapp=1&sender_device=pc,,viết 1 câu content 15 từ bằng tiếng anh  về cảnh chú thỏ ăn nho xanh,The little rabbit is happily munching on the juicy green grapes in the garden.
16,https://www.tiktok.com/@lovepets.tv/video/7315022528605441313?is_from_webapp=1&sender_device=pc,,viết 1 câu content 15 từ bằng tiếng anh  về cảnh những chú mèo con thân thiết ,"A heartwarming scene of adorable kittens cuddling together, showcasing their strong bond and friendship."
17,https://www.tiktok.com/@lovepets.tv/video/7314350091727310112?is_from_webapp=1&sender_device=pc,,,#ERROR
18,https://www.tiktok.com/@tianyuanmengchong/video/7329370015675747627?is_from_webapp=1&sender_device=pc,,,#ERROR
19,https://www.tiktok.com/@tianyuanmengchong/video/7318342590586277163?is_from_webapp=1&sender_device=pc,,,#ERROR
20,https://www.tiktok.com/@tianyuanmengchong/video/7321307986712988974?is_from_webapp=1&sender_device=pc,,viết 1 câu content 15 từ bằng tiếng anh  về cảnh chú thỏ ăn dâu tây,"The adorable bunny happily munches on the juicy strawberries, savoring every sweet and tangy bite."
21,https://www.tiktok.com/@lovely.animals1990/video/7305932336619703554?is_from_webapp=1&sender_device=pc&web_id=7286751695433844225,,,#ERROR
22,https://www.youtube.com/shorts/Pcg7FaQ-ymg,,,#ERROR
23,https://www.tiktok.com/@tianyuanmengchong/video/7335296081590275370?is_from_webapp=1&sender_device=pc,,viết 1 câu content 15 từ bằng tiếng anh  về cảnh chú thỏ ăn trái lựu,"The adorable bunny enjoyed munching on the juicy pomegranate, savoring every sweet and tangy bite."
24,https://www.tiktok.com/@tianyuanmengchong/video/7320559773739502894?is_from_webapp=1&sender_device=pc,,viết 1 câu content 15 từ bằng tiếng anh  về cảnh chú thỏ có niềm đam mê với dâu tây,The little rabbit's eyes sparkled with passion as it gazed at the juicy strawberries.
25,https://www.tiktok.com/@rubiishop/video/7310441727054138626?is_from_webapp=1&sender_device=pc,,viết 1 câu content 15 từ bằng tiếng anh  về cảnh chú chuột hamster ăn dưa hấy ,"The adorable hamster happily munches on a juicy slice of cucumber, savoring every bite."
26,https://www.tiktok.com/@pest_cute/video/7256312178645486853?is_from_webapp=1&sender_device=pc,,,#ERROR
27,https://www.tiktok.com/@cutedog9999/video/7327470619476430122?is_from_webapp=1&sender_device=pc,,,#ERROR
28,https://www.tiktok.com/@cutedog9999/video/7338677698757201198?is_from_webapp=1&sender_device=pc,,dịch tiếng anh: chào mừng đến với thế giới của những chú chó đáng yêu,Welcome to the world of adorable dogs.
29,https://www.tiktok.com/@lovepets.tv/video/7314983562103622945?is_from_webapp=1&sender_device=pc,,viết 1 câu content 15 từ bằng tiếng anh  về cảnh  chú mèo có khả năng đứng bằng hai chân,"The cat amazed everyone by effortlessly standing on its hind legs, showcasing its incredible ability."
30,https://www.tiktok.com/@lovepets.tv/video/7314231136073436449?is_from_webapp=1&sender_device=pc,,,#ERROR
31,https://www.tiktok.com/@penelope_the_mini_pig_/video/7311471285631028523?is_from_webapp=1&sender_device=pc,,VIẾT ĐOẠN VĂN VỀ CON chuột đang ăn dâu tây TRONG 10 CHỮ BẰNG TIẾNG ANH,The mouse eats strawberry.
32,https://www.tiktok.com/@cutedog9999/video/7338311990538095918?is_from_webapp=1&sender_device=pc,,viết 1 câu content 15 từ bằng tiếng anh  về cảnh chú chó và chú lợn ham ăn,"The dog and the pig were both greedy for food, constantly competing to see who could eat the most."
33,https://www.tiktok.com/@rubiishop/video/7331273352251804948?is_from_webapp=1&sender_device=pc,,viết 1 câu content 15 từ bằng tiếng anh  về cảnh chú chuột hamster ăn bánh,The scene of a hamster munching on a cake is simply adorable and heartwarming.
34,https://www.tiktok.com/@cutedog9999/video/7338776883921964334?is_from_webapp=1&sender_device=pc,,viết 1 câu content 15 từ bằng tiếng anh  về cảnh những chú chó vui đùa trên tuyết,"The playful dogs frolic in the snow, chasing each other and rolling around with joy."
35,https://www.tiktok.com/@lovepets.tv/video/7315015324611513632?is_from_webapp=1&sender_device=pc,,"viết khác: ""As we wrap up this heartwarming pets video, remember to spread the love - give it a thumbs up, subscribe, and become a part of our wonderful community of pet enthusiasts!viết","As we conclude this heartwarming pets video, don't forget to share the love - show your support by giving it a thumbs up, subscribing, and joining our amazing community of pet lovers!"